BEGIN TRANSACTION;
CREATE TABLE brands (
    brand_id INTEGER PRIMARY KEY AUTOINCREMENT,
    name TEXT UNIQUE
);
INSERT INTO "brands" VALUES(1,'APPLE');
INSERT INTO "brands" VALUES(2,'ASUS');
INSERT INTO "brands" VALUES(3,'Google');
INSERT INTO "brands" VALUES(4,'NVIDIA');
INSERT INTO "brands" VALUES(5,'SONY');
INSERT INTO "brands" VALUES(6,'Samsung');
INSERT INTO "brands" VALUES(7,'TCL');
INSERT INTO "brands" VALUES(8,'GameSir');
INSERT INTO "brands" VALUES(9,'LENOVO');
INSERT INTO "brands" VALUES(10,'羅技');
INSERT INTO "brands" VALUES(11,'SwitchBot');
INSERT INTO "brands" VALUES(12,'Kobo');
CREATE TABLE price_changes (
    change_id INTEGER PRIMARY KEY AUTOINCREMENT,
    product_id INTEGER,
    project_id INTEGER,
    start_date DATE,
    end_date DATE,
    has_plan INTEGER,
    FOREIGN KEY(product_id) REFERENCES products(product_id),
    FOREIGN KEY(project_id) REFERENCES projects(project_id)
);
INSERT INTO "price_changes" VALUES(1,1,1,'2023-01-12',NULL,1);
INSERT INTO "price_changes" VALUES(2,2,1,'2022-09-01',NULL,1);
INSERT INTO "price_changes" VALUES(3,3,1,'2019-10-14','2025-04-15',1);
INSERT INTO "price_changes" VALUES(4,4,1,'2019-10-14','2025-04-15',1);
INSERT INTO "price_changes" VALUES(5,5,1,'2021-10-15','2024-06-15',1);
INSERT INTO "price_changes" VALUES(6,6,1,'2021-10-15','2024-06-15',1);
INSERT INTO "price_changes" VALUES(7,7,1,'2024-09-23','2024-06-15',1);
INSERT INTO "price_changes" VALUES(8,8,1,'2022-09-01','2022-12-15',0);
INSERT INTO "price_changes" VALUES(9,9,1,'2022-11-15','2022-12-15',0);
INSERT INTO "price_changes" VALUES(10,10,1,'2022-12-01','2023-01-03',0);
INSERT INTO "price_changes" VALUES(11,11,1,'2023-01-03','2025-02-03',0);
INSERT INTO "price_changes" VALUES(12,12,1,'2024-02-01','2024-12-15',0);
INSERT INTO "price_changes" VALUES(13,13,1,'2024-02-01','2024-12-15',0);
INSERT INTO "price_changes" VALUES(14,14,1,'2024-02-01','2024-12-15',0);
INSERT INTO "price_changes" VALUES(15,15,1,'2024-02-01','2024-12-15',0);
INSERT INTO "price_changes" VALUES(16,16,1,'2024-11-01','2024-12-15',0);
INSERT INTO "price_changes" VALUES(17,17,1,'2023-08-01','2024-12-15',0);
INSERT INTO "price_changes" VALUES(18,18,1,'2023-08-01','2024-12-15',0);
INSERT INTO "price_changes" VALUES(19,19,1,'2023-08-01','2025-01-15',0);
INSERT INTO "price_changes" VALUES(20,20,1,'2023-08-01','2025-01-15',0);
INSERT INTO "price_changes" VALUES(21,21,1,'2023-08-01','2024-12-15',0);
INSERT INTO "price_changes" VALUES(22,22,1,'2023-08-01','2024-12-15',0);
INSERT INTO "price_changes" VALUES(23,23,1,'2023-08-01','2024-12-15',0);
INSERT INTO "price_changes" VALUES(24,24,1,'2023-08-01','2025-01-15',0);
INSERT INTO "price_changes" VALUES(25,25,1,'2024-11-01','2025-01-15',0);
INSERT INTO "price_changes" VALUES(26,26,1,'2024-11-01','2025-01-15',0);
INSERT INTO "price_changes" VALUES(27,27,1,'2022-09-01','2023-01-03',0);
INSERT INTO "price_changes" VALUES(28,28,1,'2022-09-01','2023-01-03',0);
INSERT INTO "price_changes" VALUES(29,29,1,'2022-09-01','2023-01-03',0);
INSERT INTO "price_changes" VALUES(30,30,1,'2022-09-01','2023-01-03',0);
INSERT INTO "price_changes" VALUES(31,31,1,'2022-12-15','2024-12-15',0);
INSERT INTO "price_changes" VALUES(32,32,1,'2023-01-03','2025-01-15',0);
INSERT INTO "price_changes" VALUES(33,33,1,'2023-01-03','2025-01-15',0);
INSERT INTO "price_changes" VALUES(34,34,1,'2023-01-03','2024-12-15',0);
INSERT INTO "price_changes" VALUES(35,35,1,'2023-06-01','2024-12-15',0);
INSERT INTO "price_changes" VALUES(36,36,1,'2023-08-01','2024-12-15',0);
INSERT INTO "price_changes" VALUES(37,37,1,'2024-08-14','2024-12-15',0);
INSERT INTO "price_changes" VALUES(38,38,1,'2022-09-01','2023-01-03',0);
INSERT INTO "price_changes" VALUES(39,39,1,'2022-09-01','2023-01-03',0);
INSERT INTO "price_changes" VALUES(40,40,1,'2023-01-03','2025-01-15',0);
INSERT INTO "price_changes" VALUES(41,41,1,'2023-01-03','2024-12-15',0);
INSERT INTO "price_changes" VALUES(42,42,1,'2023-06-30','2024-12-15',0);
INSERT INTO "price_changes" VALUES(43,43,1,'2023-10-02','2024-09-15',1);
INSERT INTO "price_changes" VALUES(44,44,1,'2024-07-01','2024-09-15',0);
INSERT INTO "price_changes" VALUES(45,45,1,'2024-08-30','2024-09-15',1);
INSERT INTO "price_changes" VALUES(46,46,1,'2022-09-01','2023-01-03',1);
INSERT INTO "price_changes" VALUES(47,47,1,'2022-09-01','2023-01-03',1);
INSERT INTO "price_changes" VALUES(48,48,1,'2022-09-01','2022-11-15',1);
INSERT INTO "price_changes" VALUES(49,49,1,'2022-09-01','2022-11-15',1);
INSERT INTO "price_changes" VALUES(50,50,1,'2022-09-01','2022-11-15',1);
INSERT INTO "price_changes" VALUES(51,51,1,'2022-09-01','2022-11-15',1);
INSERT INTO "price_changes" VALUES(52,52,1,'2022-09-01','2022-11-15',1);
INSERT INTO "price_changes" VALUES(53,53,1,'2022-09-01','2022-11-15',1);
INSERT INTO "price_changes" VALUES(54,54,1,'2022-09-01','2022-11-15',1);
INSERT INTO "price_changes" VALUES(55,55,1,'2022-09-01','2022-11-15',1);
INSERT INTO "price_changes" VALUES(56,56,1,'2022-11-15','2022-12-01',1);
INSERT INTO "price_changes" VALUES(57,57,1,'2022-11-15','2022-12-01',1);
INSERT INTO "price_changes" VALUES(58,58,1,'2022-11-15','2022-12-01',1);
INSERT INTO "price_changes" VALUES(59,59,1,'2022-11-15','2022-12-01',1);
INSERT INTO "price_changes" VALUES(60,60,1,'2022-11-15','2022-12-01',1);
INSERT INTO "price_changes" VALUES(61,61,1,'2022-11-15','2022-12-01',1);
INSERT INTO "price_changes" VALUES(62,62,1,'2022-11-15','2022-12-01',1);
INSERT INTO "price_changes" VALUES(63,63,1,'2022-11-15','2022-12-01',1);
INSERT INTO "price_changes" VALUES(64,64,1,'2022-12-01','2022-12-15',1);
INSERT INTO "price_changes" VALUES(65,65,1,'2022-12-01','2022-12-15',1);
INSERT INTO "price_changes" VALUES(66,66,1,'2022-12-01','2022-12-15',1);
INSERT INTO "price_changes" VALUES(67,67,1,'2022-12-01','2022-12-15',1);
INSERT INTO "price_changes" VALUES(68,68,1,'2022-12-01','2023-01-03',1);
INSERT INTO "price_changes" VALUES(69,69,1,'2022-12-01','2023-01-03',1);
INSERT INTO "price_changes" VALUES(70,70,1,'2022-12-01','2023-01-03',1);
INSERT INTO "price_changes" VALUES(71,71,1,'2022-12-01','2023-01-03',1);
INSERT INTO "price_changes" VALUES(72,72,1,'2022-12-15','2023-01-03',1);
INSERT INTO "price_changes" VALUES(73,73,1,'2022-12-15','2023-01-03',1);
INSERT INTO "price_changes" VALUES(74,74,1,'2022-12-15','2023-01-03',1);
INSERT INTO "price_changes" VALUES(75,75,1,'2022-12-15','2023-01-03',1);
INSERT INTO "price_changes" VALUES(76,76,1,'2023-01-03','2023-08-15',1);
INSERT INTO "price_changes" VALUES(77,77,1,'2023-01-03','2023-06-30',1);
INSERT INTO "price_changes" VALUES(78,78,1,'2023-01-03','2023-08-15',1);
INSERT INTO "price_changes" VALUES(79,79,1,'2023-01-03','2023-06-01',1);
INSERT INTO "price_changes" VALUES(80,80,1,'2023-01-03','2023-06-01',1);
INSERT INTO "price_changes" VALUES(81,81,1,'2023-01-03','2023-06-01',1);
INSERT INTO "price_changes" VALUES(82,82,1,'2023-01-03','2023-06-01',1);
INSERT INTO "price_changes" VALUES(83,83,1,'2023-01-03','2023-06-30',1);
INSERT INTO "price_changes" VALUES(84,84,1,'2023-01-03','2023-06-30',1);
INSERT INTO "price_changes" VALUES(85,85,1,'2023-01-03','2023-06-30',1);
INSERT INTO "price_changes" VALUES(86,86,1,'2023-06-01','2023-08-01',1);
INSERT INTO "price_changes" VALUES(87,87,1,'2023-06-01','2023-08-01',1);
INSERT INTO "price_changes" VALUES(88,88,1,'2023-06-01','2023-06-30',1);
INSERT INTO "price_changes" VALUES(89,89,1,'2023-06-01','2023-06-30',1);
INSERT INTO "price_changes" VALUES(90,90,1,'2023-06-30','2024-07-01',1);
INSERT INTO "price_changes" VALUES(91,91,1,'2023-08-01','2024-08-22',1);
INSERT INTO "price_changes" VALUES(92,92,1,'2023-08-01','2024-02-01',1);
INSERT INTO "price_changes" VALUES(93,93,1,'2023-08-01','2024-02-01',1);
INSERT INTO "price_changes" VALUES(94,94,1,'2023-08-15','2023-10-02',1);
INSERT INTO "price_changes" VALUES(95,95,1,'2023-08-15','2023-10-02',1);
INSERT INTO "price_changes" VALUES(96,96,1,'2024-02-01','2024-07-15',1);
INSERT INTO "price_changes" VALUES(97,97,1,'2024-02-01','2024-12-15',1);
INSERT INTO "price_changes" VALUES(98,98,1,'2024-07-01','2024-12-15',1);
INSERT INTO "price_changes" VALUES(99,99,1,'2024-08-14','2024-12-15',1);
INSERT INTO "price_changes" VALUES(100,100,1,'2024-09-23','2024-12-15',1);
INSERT INTO "price_changes" VALUES(101,101,1,'2024-09-23','2024-12-15',1);
INSERT INTO "price_changes" VALUES(102,102,1,'2024-11-01','2024-12-15',1);
INSERT INTO "price_changes" VALUES(103,103,2,'2023-06-29','2024-12-15',1);
INSERT INTO "price_changes" VALUES(104,104,2,'2025-04-18','2024-12-15',0);
INSERT INTO "price_changes" VALUES(105,105,2,'2025-04-12','2024-12-15',1);
INSERT INTO "price_changes" VALUES(106,106,2,'2023-06-30','2024-12-15',0);
INSERT INTO "price_changes" VALUES(107,107,2,'2023-01-10','2023-02-15',0);
INSERT INTO "price_changes" VALUES(108,108,2,'2023-01-10','2023-02-15',0);
INSERT INTO "price_changes" VALUES(109,109,2,'2023-02-01','2025-03-20',0);
INSERT INTO "price_changes" VALUES(110,110,2,'2023-02-01','2025-03-20',0);
INSERT INTO "price_changes" VALUES(111,111,2,'2023-01-12','2023-07-15',0);
INSERT INTO "price_changes" VALUES(112,112,2,'2023-02-17','2023-07-15',1);
INSERT INTO "price_changes" VALUES(113,113,2,'2023-02-17','2023-07-15',0);
INSERT INTO "price_changes" VALUES(114,114,2,'2023-03-31','2024-07-15',0);
INSERT INTO "price_changes" VALUES(115,115,2,'2023-06-15','2024-07-15',0);
INSERT INTO "price_changes" VALUES(116,116,2,'2023-08-01','2024-07-15',1);
INSERT INTO "price_changes" VALUES(117,117,2,'2023-08-30','2025-01-15',1);
INSERT INTO "price_changes" VALUES(118,118,2,'2024-01-02','2025-01-15',1);
INSERT INTO "price_changes" VALUES(119,119,2,'2024-02-05','2024-07-15',1);
INSERT INTO "price_changes" VALUES(120,120,2,'2024-08-30','2024-07-15',1);
INSERT INTO "price_changes" VALUES(121,121,2,'2024-08-30','2024-07-15',1);
INSERT INTO "price_changes" VALUES(122,122,2,'2025-02-11','2024-07-15',1);
INSERT INTO "price_changes" VALUES(123,123,2,'2024-11-01','2024-07-15',1);
INSERT INTO "price_changes" VALUES(124,124,2,'2024-11-15','2024-07-15',1);
INSERT INTO "price_changes" VALUES(125,125,2,'2024-11-15','2024-07-15',1);
INSERT INTO "price_changes" VALUES(126,126,2,'2022-12-15','2024-07-15',1);
INSERT INTO "price_changes" VALUES(127,127,2,'2023-01-12','2023-02-15',1);
INSERT INTO "price_changes" VALUES(128,128,2,'2023-01-12','2023-02-15',1);
INSERT INTO "price_changes" VALUES(129,129,2,'2023-02-01','2024-07-15',1);
INSERT INTO "price_changes" VALUES(130,130,2,'2023-02-01','2023-07-15',1);
INSERT INTO "price_changes" VALUES(131,131,2,'2023-02-20','2023-07-15',1);
INSERT INTO "price_changes" VALUES(132,132,2,'2023-02-20','2023-07-15',1);
INSERT INTO "price_changes" VALUES(133,133,2,'2023-03-31','2024-07-15',1);
INSERT INTO "price_changes" VALUES(134,134,2,'2023-03-31','2024-07-15',1);
INSERT INTO "price_changes" VALUES(135,135,2,'2023-03-31','2024-07-15',1);
INSERT INTO "price_changes" VALUES(136,136,2,'2023-06-15','2024-07-15',1);
INSERT INTO "price_changes" VALUES(137,137,2,'2024-01-02','2025-01-15',1);
INSERT INTO "price_changes" VALUES(138,138,2,'2024-01-02','2025-01-15',1);
INSERT INTO "price_changes" VALUES(139,139,2,'2024-05-31','2024-12-15',1);
INSERT INTO "price_changes" VALUES(140,140,2,'2024-05-31','2024-12-15',1);
INSERT INTO "price_changes" VALUES(141,141,2,'2024-05-31','2024-12-15',1);
INSERT INTO "price_changes" VALUES(142,142,2,'2024-08-30','2024-12-15',1);
INSERT INTO "price_changes" VALUES(143,143,2,'2025-03-10','2024-12-15',1);
INSERT INTO "price_changes" VALUES(144,144,2,'2025-04-18','2024-12-15',1);
INSERT INTO "price_changes" VALUES(145,145,3,'2025-01-15','2024-12-15',0);
INSERT INTO "price_changes" VALUES(146,146,3,'2023-12-15','2024-12-15',0);
INSERT INTO "price_changes" VALUES(147,147,3,'2023-12-15','2024-12-15',0);
INSERT INTO "price_changes" VALUES(148,148,3,'2025-01-15','2024-12-15',0);
INSERT INTO "price_changes" VALUES(149,149,3,'2023-12-15','2024-12-15',1);
INSERT INTO "price_changes" VALUES(150,150,3,'2025-01-15','2024-12-15',1);
INSERT INTO "price_changes" VALUES(151,151,4,'2024-06-17','2024-12-15',1);
INSERT INTO "price_changes" VALUES(152,152,4,'2024-06-17','2024-12-15',1);
INSERT INTO "price_changes" VALUES(153,153,4,'2024-06-17','2024-12-15',1);
INSERT INTO "price_changes" VALUES(154,154,4,'2024-06-17','2024-12-15',1);
INSERT INTO "price_changes" VALUES(155,155,4,'2024-06-17','2024-12-15',1);
INSERT INTO "price_changes" VALUES(156,156,4,'2024-06-17','2024-12-15',1);
INSERT INTO "price_changes" VALUES(157,157,4,'2024-06-17','2024-12-15',1);
INSERT INTO "price_changes" VALUES(158,158,4,'2024-06-17','2024-12-15',1);
INSERT INTO "price_changes" VALUES(159,159,4,'2024-08-01','2024-12-15',0);
INSERT INTO "price_changes" VALUES(160,160,4,'2024-08-01','2024-12-15',0);
INSERT INTO "price_changes" VALUES(161,161,4,'2024-08-01','2024-12-15',0);
INSERT INTO "price_changes" VALUES(162,162,4,'2024-07-01','2024-09-02',1);
INSERT INTO "price_changes" VALUES(163,163,4,'2024-08-01','2024-09-02',1);
INSERT INTO "price_changes" VALUES(164,164,4,'2024-08-01','2024-09-02',0);
INSERT INTO "price_changes" VALUES(165,165,4,'2024-08-01','2024-09-02',1);
INSERT INTO "price_changes" VALUES(166,166,4,'2024-08-01','2024-09-02',1);
INSERT INTO "price_changes" VALUES(167,167,4,'2024-08-01','2024-09-02',1);
INSERT INTO "price_changes" VALUES(168,168,4,'2024-08-01','2024-09-02',1);
INSERT INTO "price_changes" VALUES(169,169,4,'2024-08-01','2024-09-02',1);
INSERT INTO "price_changes" VALUES(170,170,4,'2024-08-01','2024-09-02',1);
INSERT INTO "price_changes" VALUES(171,171,4,'2024-08-01','2024-09-02',1);
INSERT INTO "price_changes" VALUES(172,172,4,'2024-08-01','2024-09-02',1);
INSERT INTO "price_changes" VALUES(173,173,4,'2024-08-01','2024-09-02',1);
INSERT INTO "price_changes" VALUES(174,174,4,'2024-08-01','2024-09-02',1);
INSERT INTO "price_changes" VALUES(175,175,4,'2025-04-15','2024-09-02',1);
INSERT INTO "price_changes" VALUES(176,176,4,'2025-04-15','2024-09-02',1);
INSERT INTO "price_changes" VALUES(177,177,4,'2025-04-15','2024-09-02',1);
INSERT INTO "price_changes" VALUES(178,178,4,'2025-04-15','2025-04-24',1);
INSERT INTO "price_changes" VALUES(179,179,4,'2025-04-15','2025-04-24',1);
INSERT INTO "price_changes" VALUES(180,180,4,'2025-04-15','2025-04-24',1);
INSERT INTO "price_changes" VALUES(181,181,4,'2025-04-15','2025-04-24',1);
INSERT INTO "price_changes" VALUES(182,182,4,'2025-04-24','2025-04-24',1);
INSERT INTO "price_changes" VALUES(183,183,4,'2025-04-24','2025-04-24',1);
INSERT INTO "price_changes" VALUES(184,184,4,'2025-04-24','2025-04-24',1);
INSERT INTO "price_changes" VALUES(185,185,4,'2025-04-24','2025-04-24',1);
CREATE TABLE products (
    product_id INTEGER PRIMARY KEY AUTOINCREMENT,
    sku TEXT UNIQUE,
    name TEXT,
    brand_id INTEGER,
    FOREIGN KEY(brand_id) REFERENCES brands(brand_id)
);
INSERT INTO "products" VALUES(1,'I11001100690100','Apple TV 4K (第3代)(Wi-Fi)_64GB-(黑)',1);
INSERT INTO "products" VALUES(2,'T02003100680300','ASUS ZenWiFi XD6S Mesh 路由器(單入)-(白)',2);
INSERT INTO "products" VALUES(3,'I05009100050100','Google Nest Mini(黑)',3);
INSERT INTO "products" VALUES(4,'I05009100051400','Google Nest Mini(灰)',3);
INSERT INTO "products" VALUES(5,'I05009100090100','Google Nest Hub(Gen2)-(黑)',3);
INSERT INTO "products" VALUES(6,'I05009100091400','Google Nest Hub(Gen2)-(灰)',3);
INSERT INTO "products" VALUES(7,'I05009100130300','Google TV Streamer (4K)-(白)',3);
INSERT INTO "products" VALUES(8,'ECP0192803501822','Nvidia shield TV Pro',4);
INSERT INTO "products" VALUES(9,'ECP0192803530710','Nvidia shield TV Pro',4);
INSERT INTO "products" VALUES(10,'ECP0192803533090','Nvidia shield TV Pro',4);
INSERT INTO "products" VALUES(11,'ECP0192803539848','Nvidia shield TV Pro',4);
INSERT INTO "products" VALUES(12,'ECP0000503578143','【OP響樂生活】SONY 55吋4K UHD TV(X85L)',5);
INSERT INTO "products" VALUES(13,'ECP0000503578145','【OP響樂生活】SONY 65吋4K UHD TV(X85L)',5);
INSERT INTO "products" VALUES(14,'ECP0000503578147','【OP響樂生活】SONY 聲霸G700',5);
INSERT INTO "products" VALUES(15,'ECP0000503578149','【OP響樂生活】SONY 聲霸A7000',5);
INSERT INTO "products" VALUES(16,'ECP0000503663190','【宅配商品無實體庫存到店】SONY 65 4K LED TV Y-65S30',5);
INSERT INTO "products" VALUES(17,'ECP0203803577400','【OP響樂生活】【物流服務費】SONY 55吋4K UHD TV(X85L)',5);
INSERT INTO "products" VALUES(18,'ECP0203803577402','【OP響樂生活】【物流服務費】SONY聲霸G700',5);
INSERT INTO "products" VALUES(19,'ECP0203803577404','【OP響樂生活】【物流服務費】SONY 65吋4K UHD TV(X85L)',5);
INSERT INTO "products" VALUES(20,'ECP0203803577406','【OP響樂生活】【物流服務費】SONY聲霸A7000',5);
INSERT INTO "products" VALUES(21,'I09005100090000','【宅配商品無實體庫存到店】SONY 55吋4K UHD TV(X85L)',5);
INSERT INTO "products" VALUES(22,'I09005100100000','【宅配商品無實體庫存到店】SONY 65吋4K UHD TV(X85L)',5);
INSERT INTO "products" VALUES(23,'I09005100110000','【宅配商品無實體庫存到店】SONY 聲霸G700',5);
INSERT INTO "products" VALUES(24,'I09005100120000','【宅配商品無實體庫存到店】SONY 聲霸A7000',5);
INSERT INTO "products" VALUES(25,'I09005100220000','【宅配商品無實體庫存到店】SONY 65 4K LED TV Y-65S30',5);
INSERT INTO "products" VALUES(26,'I090051002200DE','SONY 65 4K LED TV Y-65S30-(DEMO)',5);
INSERT INTO "products" VALUES(27,'ECP0192803508226','SAMSUN G65吋4K HDR QLED量子智慧連網電視',6);
INSERT INTO "products" VALUES(28,'ECP0192803508228','SAMSUNG三星 75吋4K HDR智慧連網電視',6);
INSERT INTO "products" VALUES(29,'ECP0192803508229','Samsung三星 3.1.2Ch 藍牙Soundbar',6);
INSERT INTO "products" VALUES(30,'ECP0192803508230','SAMSUNG三星 11.1.4聲道 藍牙聲霸soundbar',6);
INSERT INTO "products" VALUES(31,'ECP0203803536537','SAMSUNG 3.1.2 無線藍芽聲霸 Soundbar HW-Q600B/ZW',6);
INSERT INTO "products" VALUES(32,'ECP0203803539554','SAMSUNG 11.1.4 無線藍芽聲霸 Soundbar HW-Q990B/ZW',6);
INSERT INTO "products" VALUES(33,'ECP0203803539555','SAMSUNG 65型4K HDR智慧連網QLED量子電視 QA65Q70BAWXZW (桌上安裝)',6);
INSERT INTO "products" VALUES(34,'ECP0203803539556','SAMSUNG 75型4K HDR智慧連網電視 UA75BU8000WXZW  (桌上安裝)',6);
INSERT INTO "products" VALUES(35,'ECP0203803562852','SAMSUNG 3.1.2 無線藍芽聲霸 Soundbar HW-Q600C/ZW',6);
INSERT INTO "products" VALUES(36,'ECP0203803574825','SAMSUNG 55型4K HDR智慧連網顯示器 UA55CU7700XXZW  (桌上安裝)',6);
INSERT INTO "products" VALUES(37,'ECP0203803654701','【OP響樂生活】SAMSUNG 55型4K HDR智慧連網顯示器 UA55DU8000XXZW  (桌上安裝)',6);
INSERT INTO "products" VALUES(38,'ECP0203303505439','TCL 55吋 P737 4K Google TV 智能連網液晶顯示器',7);
INSERT INTO "products" VALUES(39,'ECP0203303505918','TCL 65吋 P737 4K Google TV 智能連網液晶顯示器',7);
INSERT INTO "products" VALUES(40,'ECP0203303539216','TCL 55吋 P737 4K Google TV 智能連網液晶顯示器',7);
INSERT INTO "products" VALUES(41,'ECP0203303539217','TCL 65吋 P737 4K Google TV 智能連網液晶顯示器',7);
INSERT INTO "products" VALUES(42,'ECP0203303571389','TCL 65吋 C645 QLED量子智能連網液晶顯示器',7);
INSERT INTO "products" VALUES(43,'ECP0203303593151','【OP菁英】TCL 55吋 P737 4K Google TV +Majority Teton 家庭劇院藍牙喇叭Soundbar組合',7);
INSERT INTO "products" VALUES(44,'ECP0203303646594','TCL 65吋 C755 QD-Mini量子智能連網液晶顯示器',7);
INSERT INTO "products" VALUES(45,'ECP0203303656601','【OP菁英】TCL 55吋 C655 QLED Google TV +Majority Teton 家庭劇院藍牙喇叭Soundbar組合',7);
INSERT INTO "products" VALUES(46,'V15-9338','【OP菁英】TCL 55吋聯網電視(55P737)+Google Nest Mini黑',7);
INSERT INTO "products" VALUES(47,'V15-9339','【OP菁英】TCL 55吋聯網電視(55P737)+Google Nest Mini灰',7);
INSERT INTO "products" VALUES(48,'V15-9340','【OP進階】TCL 55吋聯網電視(55P737)+三星soundbar(HW-Q600B)+Google Nest Mini黑+Shield TV Pro',7);
INSERT INTO "products" VALUES(49,'V15-9341','【OP進階】TCL 55吋聯網電視(55P737)+三星soundbar(HW-Q600B)+Google Nest Mini灰+Shield TV Pro',7);
INSERT INTO "products" VALUES(50,'V15-9342','【OP旗艦】TCL 65吋聯網電視(65P737)+三星soundbar(HW-Q600B)+Nest Hub黑+ASUS XD6S Mesh+Shield TV Pro',7);
INSERT INTO "products" VALUES(51,'V15-9343','【OP旗艦】TCL 65吋聯網電視(65P737)+三星soundbar(HW-Q600B)+Nest Hub灰+ASUS XD6S Mesh+Shield TV Pro',7);
INSERT INTO "products" VALUES(52,'V15-9344','【OP終極量子】三星65型電視(QA65Q70B)+三星soundbar(HWQ990B)+Nest Hub黑+ASUS XD6S Mesh+Shield TV Pro',7);
INSERT INTO "products" VALUES(53,'V15-9345','【OP終極量子】三星65型電視(QA65Q70B)+三星soundbar(HWQ990B)+Nest Hub灰+ASUS XD6S Mesh+Shield TV Pro',7);
INSERT INTO "products" VALUES(54,'V15-9346','【OP終極巨幕】三星75型電視(UA75BU8000)+三星soundbar(HWQ990B)+Nest Hub黑+ASUS XD6S Mesh+Shield TV Pro',7);
INSERT INTO "products" VALUES(55,'V15-9347','【OP終極巨幕】三星75型電視(UA75BU8000)+三星soundbar(HWQ990B)+Nest Hub灰+ASUS XD6S Mesh+Shield TV Pro',7);
INSERT INTO "products" VALUES(56,'V15-9621','【OP進階】TCL 55吋聯網電視(55P737)+三星聲霸(HW-Q600B)+Google Nest Mini黑+SHIELD TV Pro',7);
INSERT INTO "products" VALUES(57,'V15-9622','【OP進階】TCL 55吋聯網電視(55P737)+三星聲霸(HW-Q600B)+Google Nest Mini灰+SHIELD TV Pro',7);
INSERT INTO "products" VALUES(58,'V15-9623','【OP旗艦】TCL 65吋聯網電視(65P737)+三星聲霸(HW-Q600B)+Nest Hub黑+ASUS XD6S Mesh+SHIELD TV Pro',7);
INSERT INTO "products" VALUES(59,'V15-9624','【OP旗艦】TCL 65吋聯網電視(65P737)+三星聲霸(HW-Q600B)+Nest Hub灰+ASUS XD6S Mesh+SHIELD TV Pro',7);
INSERT INTO "products" VALUES(60,'V15-9625','【OP終極量子】三星65型電視(QA65Q70B)+三星聲霸(HWQ990B)+Nest Hub黑+ASUS XD6S Mesh+SHIELD TV Pro',7);
INSERT INTO "products" VALUES(61,'V15-9626','【OP終極量子】三星65型電視(QA65Q70B)+三星聲霸(HWQ990B)+Nest Hub灰+ASUS XD6S Mesh+SHIELD TV Pro',7);
INSERT INTO "products" VALUES(62,'V15-9627','【OP終極巨幕】三星75型電視(UA75BU8000)+三星聲霸(HWQ990B)+Nest Hub黑+ASUS XD6S Mesh+SHIELD TV Pro',7);
INSERT INTO "products" VALUES(63,'V15-9628','【OP終極巨幕】三星75型電視(UA75BU8000)+三星聲霸(HWQ990B)+Nest Hub灰+ASUS XD6S Mesh+SHIELD TV Pro',7);
INSERT INTO "products" VALUES(64,'V15-9648','【OP進階】TCL 55吋聯網電視(55P737)+三星聲霸HW-Q600B+Google Nest Mini黑+SHIELD TV Pro',7);
INSERT INTO "products" VALUES(65,'V15-9649','【OP進階】TCL 55吋聯網電視(55P737)+三星聲霸HW-Q600B+Google Nest Mini灰+SHIELD TV Pro',7);
INSERT INTO "products" VALUES(66,'V15-9650','【OP旗艦】TCL 65吋聯網電視(65P737)+三星聲霸HW-Q600B+Nest Hub黑+ASUS XD6S Mesh+SHIELD TV Pro',7);
INSERT INTO "products" VALUES(67,'V15-9651','【OP旗艦】TCL 65吋聯網電視(65P737)+三星聲霸HW-Q600B+Nest Hub灰+ASUS XD6S Mesh+SHIELD TV Pro',7);
INSERT INTO "products" VALUES(68,'V15-9652','【OP終極量子】三星65型電視(QA65Q70B)+三星聲霸HWQ990B+Nest Hub黑+ASUS XD6S Mesh+SHIELD TV Pro',7);
INSERT INTO "products" VALUES(69,'V15-9653','【OP終極量子】三星65型電視(QA65Q70B)+三星聲霸HWQ990B+Nest Hub灰+ASUS XD6S Mesh+SHIELD TV Pro',7);
INSERT INTO "products" VALUES(70,'V15-9654','【OP終極巨幕】三星75型電視(UA75BU8000)+三星聲霸HWQ990B+Nest Hub黑+ASUS XD6S Mesh+SHIELD TV Pro',7);
INSERT INTO "products" VALUES(71,'V15-9655','【OP終極巨幕】三星75型電視(UA75BU8000)+三星聲霸HWQ990B+Nest Hub灰+ASUS XD6S Mesh+SHIELD TV Pro',7);
INSERT INTO "products" VALUES(72,'V15-9686','【OP進階】TCL 55吋聯網電視(55P737)+三星聲霸HWQ600B+Google Nest Mini黑+SHIELD TV Pro',7);
INSERT INTO "products" VALUES(73,'V15-9687','【OP進階】TCL 55吋聯網電視(55P737)+三星聲霸HWQ600B+Google Nest Mini灰+SHIELD TV Pro',7);
INSERT INTO "products" VALUES(74,'V15-9688','【OP旗艦】TCL 65吋聯網電視(65P737)+三星聲霸HWQ600B+Nest Hub黑+ASUS XD6S Mesh+SHIELD TV Pro',7);
INSERT INTO "products" VALUES(75,'V15-9689','【OP旗艦】TCL 65吋聯網電視(65P737)+三星聲霸HWQ600B+Nest Hub灰+ASUS XD6S Mesh+SHIELD TV Pro',7);
INSERT INTO "products" VALUES(76,'V15-9707','【OP菁英】TCL 55吋聯網電視(55P737)+Google Nest Mini-黑',7);
INSERT INTO "products" VALUES(77,'V15-9708','【OP終極巨幕】三星75型電視(UA75BU8000)+三星聲霸HWQ990B+Nest Hub-灰+ASUS XD6S Mesh+SHIELD TV Pro',7);
INSERT INTO "products" VALUES(78,'V15-9709','【OP菁英】TCL 55吋聯網電視(55P737)+Google Nest Mini-灰',7);
INSERT INTO "products" VALUES(79,'V15-9710','【OP進階】TCL 55吋聯網電視(55P737)+三星聲霸HWQ600B+Google Nest Mini黑',7);
INSERT INTO "products" VALUES(80,'V15-9711','【OP進階】TCL 55吋聯網電視(55P737)+三星聲霸HWQ600B+Google Nest Mini灰',7);
INSERT INTO "products" VALUES(81,'V15-9712','【OP旗艦】TCL 65吋聯網電視(65P737)+三星聲霸HWQ600B+Nest Hub-黑+ASUS XD6S Mesh+SHIELD TV Pro',7);
INSERT INTO "products" VALUES(82,'V15-9713','【OP旗艦】TCL 65吋聯網電視(65P737)+三星聲霸HWQ600B+Nest Hub-灰+ASUS XD6S Mesh+SHIELD TV Pro',7);
INSERT INTO "products" VALUES(83,'V15-9714','【OP終極量子】三星65型電視(QA65Q70B)+三星聲霸HWQ990B+Nest Hub-黑+ASUS XD6S Mesh+SHIELD TV Pro',7);
INSERT INTO "products" VALUES(84,'V15-9715','【OP終極量子】三星65型電視(QA65Q70B)+三星聲霸HWQ990B+Nest Hub-灰+ASUS XD6S Mesh+SHIELD TV Pro',7);
INSERT INTO "products" VALUES(85,'V15-9716','【OP終極巨幕】三星75型電視(UA75BU8000)+三星聲霸HWQ990B+Nest Hub-黑+ASUS XD6S Mesh+SHIELD TV Pro',7);
INSERT INTO "products" VALUES(86,'V15-9992','【OP進階】TCL 55吋聯網電視(55P737)+三星聲霸HWQ600C+Google Nest Mini黑',7);
INSERT INTO "products" VALUES(87,'V15-9993','【OP進階】TCL 55吋聯網電視(55P737)+三星聲霸HWQ600C+Google Nest Mini灰',7);
INSERT INTO "products" VALUES(88,'V15-9994','【OP旗艦】TCL 65吋聯網電視(65P737)+三星聲霸HWQ600C +Nest Hub-黑+ASUS XD6S Mesh+SHIELD TV Pro',7);
INSERT INTO "products" VALUES(89,'V15-9995','【OP旗艦】TCL 65吋聯網電視(65P737)+三星聲霸HWQ600C +Nest Hub-灰+ASUS XD6S Mesh+SHIELD TV Pro',7);
INSERT INTO "products" VALUES(90,'V27-0292','【OP旗艦】TCL 65吋QLED量子連網電視(65C645)+三星聲霸HWQ600C+ASUS XD6S Mesh+APPLE TV 4K_64G',7);
INSERT INTO "products" VALUES(91,'V27-0493','【OP進階】Samsung 55吋連網電視(55CU7700)+三星聲霸HWQ600C+ASUS XD6S Mesh',7);
INSERT INTO "products" VALUES(92,'V27-0494','【OP_SONY劇院套裝】SONY 55吋連網電視(X85L)+電視物流費+SONY聲霸HT-G700+聲霸物流費+ASUS XD6S Mesh',7);
INSERT INTO "products" VALUES(93,'V27-0495','【OP_SONY終極娛樂套裝】SONY 65吋連網電視(X85L)+電視物流費+SONY聲霸HT-A7000+聲霸物流費+PS5單機',7);
INSERT INTO "products" VALUES(94,'V27-0497','【OP菁英】TCL 55吋聯網電視(55P737)+Google Nest Hub(Gen2)-(黑)',7);
INSERT INTO "products" VALUES(95,'V27-0498','【OP菁英】TCL 55吋聯網電視(55P737)+Google Nest Hub(Gen2)-(灰)',7);
INSERT INTO "products" VALUES(96,'V27-1342','【OP_SONY終極娛樂】SONY 65吋連網電視(X85L)+電視物流費+SONY聲霸HT-A7000+聲霸物流費+PS5 Slim數位版主機',7);
INSERT INTO "products" VALUES(97,'V27-1361','【OP_SONY劇院】SONY 55吋連網電視(X85L)+電視物流費+SONY聲霸HT-G700+聲霸物流費+ASUS XD6S Mesh',7);
INSERT INTO "products" VALUES(98,'V27-1955','【OP旗艦】TCL 65吋QD-Mini LED量子連網電視(65C755)+三星聲霸HWQ600C+ASUS XD6S Mesh',7);
INSERT INTO "products" VALUES(99,'V27-2226','【OP進階】Samsung 55吋4K智慧顯示器(55DU8000)+三星聲霸HWQ600C+ASUS XD6S Mesh',7);
INSERT INTO "products" VALUES(100,'V27-2343','【OP進階】Samsung 55吋4K智慧顯示器(55DU8000)+三星聲霸HWQ600C+Google TV Streamer (4K)',7);
INSERT INTO "products" VALUES(101,'V27-2344','【OP旗艦】TCL 65吋QD-Mini LED量子連網電視(65C755)+三星聲霸HWQ600C+Google TV Streamer (4K)',7);
INSERT INTO "products" VALUES(102,'V27-2345','【OP_SONY劇院】SONY 65吋65S30 4K TV+電視物流費+SONY聲霸HT-G700+聲霸物流費+Google TV Streamer(4K)',7);
INSERT INTO "products" VALUES(103,'I04003100060300','ASUS ROG Ally RC71L_16G/512G-(白)(WiFi)',2);
INSERT INTO "products" VALUES(104,'A083981Z00101T5','GameSir G8+遊戲控制器-(黑)(台灣聯想)',8);
INSERT INTO "products" VALUES(105,'T03008100190100','【OP遊戲玩家】Lenovo Legion Tab_12G/256G-(黑)(WiFi)',9);
INSERT INTO "products" VALUES(106,'A051061007503R3','Sony PS5 PULSE 3D 無線耳機組-白(宏碁遊戲)',5);
INSERT INTO "products" VALUES(107,'A081061006801R3','SONY PS5 DualSense 無線控制器-(黑)',5);
INSERT INTO "products" VALUES(108,'A081061006900R3','SONY PlayStation 點數儲值卡1000元(實體卡)',5);
INSERT INTO "products" VALUES(109,'A081061Z07201R3','SONY PS5 DualSense 無線控制器-(黑)(宏碁遊戲)',5);
INSERT INTO "products" VALUES(110,'A081061Z07300R3','SONY PlayStation 點數儲值卡1000元(實體卡)(宏碁遊戲)',5);
INSERT INTO "products" VALUES(111,'I04005100030000','SONY PS5 主機 God of War 同捆組(CFI-1218A01)',5);
INSERT INTO "products" VALUES(112,'I04005100050000','SONY PlayStation VR2',5);
INSERT INTO "products" VALUES(113,'I04005100060000','SONY PlayStation VR2《地平線 山之呼喚》組合包',5);
INSERT INTO "products" VALUES(114,'I04005100070000','SONY PlayStation 5 主機(CFI-1218A01)',5);
INSERT INTO "products" VALUES(115,'I04005100080000','SONY PS5 主機 – FINAL FANTASY XVI 同捆組 (CFI-1218A01)',5);
INSERT INTO "products" VALUES(116,'I04005100140000','PS5主機 + PS Plus高級24個月服務組合包',5);
INSERT INTO "products" VALUES(117,'I04005100150000','PS5 主機 – 《Marvel’s Spider-Man 2》限量版同捆組',5);
INSERT INTO "products" VALUES(118,'I04005100160000','OP遊戲玩家_New PS5 數位版主機 (CFI-2018B01)',5);
INSERT INTO "products" VALUES(119,'I04005100190000','OP遊戲玩家_PS5數位版主機(CFI-1218B01)+點數儲值卡1000元組合包',5);
INSERT INTO "products" VALUES(120,'I04005100200000','【OP遊戲玩家】PS5 Slim數位版–雙控制器同捆主機',5);
INSERT INTO "products" VALUES(121,'I04005100210000','【OP遊戲玩家】PS Portal Remote Player',5);
INSERT INTO "products" VALUES(122,'I04005100210100','【OP遊戲玩家】PS Portal Remote Player-(黑)',5);
INSERT INTO "products" VALUES(123,'I04005100230000','【OP遊戲玩家】Sony PS5 Pro主機 (CFI-7022B01)',5);
INSERT INTO "products" VALUES(124,'I04005100240000','【OP遊戲玩家】PS5 Slim數位版主機(30週年紀念款)',5);
INSERT INTO "products" VALUES(125,'I04005100250000','【OP遊戲玩家】PS Portal Remote Player(30週年紀念款)',5);
INSERT INTO "products" VALUES(126,'I04037100010300','logitech G CLOUD 雲端遊戲掌機 64G-(白)(WiFi)',10);
INSERT INTO "products" VALUES(127,'V15-9722','【OP遊戲玩家_PS5戰神套裝】PS5同捆(附戰神遊戲、控制器*1)+點數卡$1000',10);
INSERT INTO "products" VALUES(128,'V15-9723','【OP遊戲玩家_PS5戰神路由器套裝】PS5同捆(附戰神遊戲、控制器*1)+控制器(黑)+點數卡$1000+ASUS XD6S路由器',10);
INSERT INTO "products" VALUES(129,'V15-9724','【OP遊戲玩家_PS5戰神套裝】PS5同捆(附戰神遊戲、控制器*1)+點數卡1,000元',10);
INSERT INTO "products" VALUES(130,'V15-9725','【OP遊戲玩家_PS5戰神路由器套裝】PS5同捆(附戰神遊戲、控制器*1)+控制器_黑+點數卡1000元+ASUS XD6S路由器',10);
INSERT INTO "products" VALUES(131,'V15-9783','【OP遊戲玩家_PS VR2《地平線 山之呼喚》組合包】PS VR2《地平線 山之呼喚》+點數卡1,000元',10);
INSERT INTO "products" VALUES(132,'V15-9784','【OP遊戲玩家_PS5+PS VR2 雙機同捆究極套裝】PS5戰神同捆+PS VR2《地平線 山之呼喚》+點數卡1,000元',10);
INSERT INTO "products" VALUES(133,'V15-9797','【OP遊戲玩家_PlayStation 5套裝】PS5單機(單主機、控制器*1)+點數卡1,000元',10);
INSERT INTO "products" VALUES(134,'V15-9798','【OP遊戲玩家_PlayStation 5雙控套裝】PS5單機(單主機、控制器*1)+控制器_黑+點數卡1000元',10);
INSERT INTO "products" VALUES(135,'V15-9799','【OP遊戲玩家_PS5+PS VR2雙機究極套裝】PS5(單主機、控制器*1)+PS VR2《地平線 山之呼喚》+點數卡1,000元',10);
INSERT INTO "products" VALUES(136,'V15-9996','【OP遊戲玩家_PS5 FINAL FANTASY XVI同捆套裝】PS5同捆(附FF XVI遊戲、控制器*1)+點數卡1,000元',10);
INSERT INTO "products" VALUES(137,'V27-1088','【OP遊戲玩家_PS5 Slim雙控套裝】PS5 Slim數位版主機(單主機、控制器*1)+控制器_黑',10);
INSERT INTO "products" VALUES(138,'V27-1089','【OP遊戲玩家_PS5 Slim + PS VR2雙機究極套裝】PS5數位版主機(主機、控制器*1)+PS VR2《地平線 山之呼喚》',10);
INSERT INTO "products" VALUES(139,'V27-1702','【OP遊戲玩家_VR2+PS5 PULSE耳機】SONY PS VR2單機版+PS5 PULSE 3D 無線耳機組-白',10);
INSERT INTO "products" VALUES(140,'V27-1703','【OP遊戲玩家_VR2地平線組合包+PS5 PULSE耳機】PS VR2地平線同捆+點數卡1,000元+PS5 PULSE 3D無線耳機',10);
INSERT INTO "products" VALUES(141,'V27-1704','【OP遊戲玩家_PS5 Slim+VR2地平線+PS5 PULSE耳機】PS5 Slim數位版主機+VR2地平線同捆+PS5 PULSE 3D無線耳機',10);
INSERT INTO "products" VALUES(142,'V27-2225','【OP遊戲玩家_PS5 Slim+PS Portal】PS5 Slim數位版主機+PS Portal Remote Player',10);
INSERT INTO "products" VALUES(143,'V27-2763','【OP遊戲玩家_PS5 Slim+PS Portal】PS5 Slim數位版主機+PS Portal Remote Player-(黑)',10);
INSERT INTO "products" VALUES(144,'V27-3047','【OP遊戲玩家_Lenovo Legion Tab電競平板套裝】Lenovo Legion Tab + GameSir G8+遊戲控制器',10);
INSERT INTO "products" VALUES(145,'ECP0203603680216','【OP響樂】Switchbot 空氣清淨機+無線充電桌面',11);
INSERT INTO "products" VALUES(146,'I09039100010300','SwitchBot 掃地機器人K10+ -(白)',11);
INSERT INTO "products" VALUES(147,'I09039100020300','SwitchBot Hub 2主控機器人-(白)',11);
INSERT INTO "products" VALUES(148,'I090391000400DE','【OP響樂】Switchbot空氣清淨機+無線充電桌面(Demo)',11);
INSERT INTO "products" VALUES(149,'V27-0825','【OP智慧家庭 菁英套裝】SwitchBot 掃地機器人K10+ -(白)+SwitchBot Hub 2主控機器人-(白)',11);
INSERT INTO "products" VALUES(150,'V27-2495','【OP智慧家庭 空間淨化套裝】Switchbot空氣清淨機Table + Google TV Streamer (4K)',11);
INSERT INTO "products" VALUES(151,'T03002108350500','Apple iPad Air M2(11吋)_128GB-(藍)(WiFi)',1);
INSERT INTO "products" VALUES(152,'T03002108350800','Apple iPad Air M2(11吋)_128GB-(紫)(WiFi)',1);
INSERT INTO "products" VALUES(153,'T03002108351400','Apple iPad Air M2(11吋)_128GB-(太空灰)(WiFi)',1);
INSERT INTO "products" VALUES(154,'T0300210835G300','Apple iPad Air M2(11吋)_128GB-(星光)(WiFi)',1);
INSERT INTO "products" VALUES(155,'T03002108440500','Apple iPad Air M2(13吋)_256GB-(藍)(WiFi)',1);
INSERT INTO "products" VALUES(156,'T03002108440800','Apple iPad Air M2(13吋)_256GB-(紫)(WiFi)',1);
INSERT INTO "products" VALUES(157,'T03002108441400','Apple iPad Air M2(13吋)_256GB-(太空灰)(WiFi)',1);
INSERT INTO "products" VALUES(158,'T0300210844G300','Apple iPad Air M2(13吋)_256GB-(星光)(WiFi)',1);
INSERT INTO "products" VALUES(159,'A1438410002I2S6','Kobo Libra Colour 原廠磁感應保護殼(附筆槽)-奶茶米(精彩創意)',12);
INSERT INTO "products" VALUES(160,'A1438410002I3S6','Kobo Libra Colour 原廠磁感應保護殼(附筆槽)-沉靜黑(精彩創意)',12);
INSERT INTO "products" VALUES(161,'A163841000101S6','Kobo Stylus 2 觸控筆-黑(精彩創意)',12);
INSERT INTO "products" VALUES(162,'T09029100020300','【OP科技生活】Kobo Libra Colour 7吋彩色電子書閱讀器-(白)',12);
INSERT INTO "products" VALUES(163,'T09029100030300','【OP科技生活】樂天Kobo Libra Colour 7吋彩色電子書閱讀器-(白)',12);
INSERT INTO "products" VALUES(164,'A162301Z0061476','Logitech Combo Touch for iPad Air M2 11吋-質感灰(祥豪)',10);
INSERT INTO "products" VALUES(165,'V27-2153','【OP科技生活 樂天Kobo精彩滿分套裝】Kobo Libra Colour7吋彩色電子書閱讀器(白)+Stylus2觸控筆+保護殼-米',10);
INSERT INTO "products" VALUES(166,'V27-2154','【OP科技生活 樂天Kobo精彩滿分套裝】Kobo Libra Colour7吋彩色電子書閱讀器(白)+Stylus2觸控筆+保護殼-黑',10);
INSERT INTO "products" VALUES(167,'V27-2217','【OP科技生活】Apple iPad Air M2(11吋)_128GB-(太空灰)(WiFi)+Combo Touch鍵盤(贈crayon數位筆)',10);
INSERT INTO "products" VALUES(168,'V27-2218','【OP科技生活】Apple iPad Air M2(11吋)_128GB-(藍)(WiFi)+Combo Touch鍵盤(贈crayon數位筆)',10);
INSERT INTO "products" VALUES(169,'V27-2219','【OP科技生活】Apple iPad Air M2(11吋)_128GB-(星光)(WiFi)+Combo Touch鍵盤(贈crayon數位筆)',10);
INSERT INTO "products" VALUES(170,'V27-2220','【OP科技生活】Apple iPad Air M2(11吋)_128GB-(紫)(WiFi)+Combo Touch鍵盤(贈crayon數位筆)',10);
INSERT INTO "products" VALUES(171,'V27-2221','【OP科技生活】Apple iPad Air M2(13吋)_256GB-(藍)(WiFi)+Combo Touch鍵盤(贈crayon數位筆)',10);
INSERT INTO "products" VALUES(172,'V27-2222','【OP科技生活】Apple iPad Air M2(13吋)_256GB-(紫)(WiFi)+Combo Touch鍵盤(贈crayon數位筆)',10);
INSERT INTO "products" VALUES(173,'V27-2223','【OP科技生活】Apple iPad Air M2(13吋)_256GB-(星光)(WiFi)+Combo Touch鍵盤(贈crayon數位筆)',10);
INSERT INTO "products" VALUES(174,'V27-2224','【OP科技生活】Apple iPad Air M2(13吋)_256GB-(太空灰)(WiFi)+Combo Touch鍵盤(贈crayon數位筆)',10);
INSERT INTO "products" VALUES(175,'V27-3039','【OP科技生活】Apple iPad Air M3(11吋)_128GB-(太空灰)(WiFi)+Combo Touch鍵盤(贈crayon數位筆)',10);
INSERT INTO "products" VALUES(176,'V27-3040','【OP科技生活】Apple iPad Air M3(11吋)_128GB-(藍)(WiFi)+Combo Touch鍵盤(贈crayon數位筆)',10);
INSERT INTO "products" VALUES(177,'V27-3042','【OP科技生活】Apple iPad Air M3(11吋)_128GB-(紫)(WiFi)+Combo Touch鍵盤(贈crayon數位筆)',10);
INSERT INTO "products" VALUES(178,'V27-3043','【OP科技生活】Apple iPad Air M3(13吋)_256GB-(藍)(WiFi)+Combo Touch鍵盤(贈crayon數位筆)',10);
INSERT INTO "products" VALUES(179,'V27-3044','【OP科技生活】Apple iPad Air M3(13吋)_256GB-(紫)(WiFi)+Combo Touch鍵盤(贈crayon數位筆)',10);
INSERT INTO "products" VALUES(180,'V27-3045','【OP科技生活】Apple iPad Air M3(13吋)_256GB-(星光)(WiFi)+Combo Touch鍵盤(贈crayon數位筆)',10);
INSERT INTO "products" VALUES(181,'V27-3046','【OP科技生活】Apple iPad Air M3(13吋)_256GB-(太空灰)(WiFi)+Combo Touch鍵盤(贈crayon數位筆)',10);
INSERT INTO "products" VALUES(182,'V27-3202','【OP科技生活】Apple iPad Air M3(13吋)_256GB-(藍)(WiFi)+Combo Touch 13吋鍵盤(贈crayon數位筆)',10);
INSERT INTO "products" VALUES(183,'V27-3203','【OP科技生活】Apple iPad Air M3(13吋)_256GB-(紫)(WiFi)+Combo Touch 13吋鍵盤(贈crayon數位筆)',10);
INSERT INTO "products" VALUES(184,'V27-3204','【OP科技生活】Apple iPad Air M3(13吋)_256GB-(星光)(WiFi)+Combo Touch 13吋鍵盤(贈crayon數位筆)',10);
INSERT INTO "products" VALUES(185,'V27-3205','【OP科技生活】Apple iPad Air M3(13吋)_256GB-(太空灰)(WiFi)+Combo Touch 13吋鍵盤(贈crayon數位筆)',10);
CREATE TABLE projects (
    project_id INTEGER PRIMARY KEY AUTOINCREMENT,
    name TEXT UNIQUE
);
INSERT INTO "projects" VALUES(1,'OP影音劇院');
INSERT INTO "projects" VALUES(2,'OP遊戲玩家');
INSERT INTO "projects" VALUES(3,'OP智慧家庭');
INSERT INTO "projects" VALUES(4,'OP科技生活');
DELETE FROM "sqlite_sequence";
INSERT INTO "sqlite_sequence" VALUES('projects',4);
INSERT INTO "sqlite_sequence" VALUES('brands',12);
INSERT INTO "sqlite_sequence" VALUES('products',185);
INSERT INTO "sqlite_sequence" VALUES('price_changes',185);
COMMIT;
